Question,Answer,Context,Category,Verify
What are generative agents?,Generative agents are computational software agents that simulate believable human behavior.,"Generative agents are computational software agents that simulate believable human behavior. They draw on generative models to create daily plans that reflect their characteristics and experiences, act out those plans, react, and re-plan when appropriate. Generative agents can perform tasks such as cooking breakfast, heading to work, painting, writing, forming opinions, noticing each other, initiating conversations, and reflecting on past experiences. They are designed to be interactive and can be used in various applications, including immersive environments, rehearsal spaces for interpersonal communication, and prototyping tools.",ABSTRACT,True
What is the purpose of generative agents?,The purpose of generative agents is to empower interactive applications by simulating believable human behavior.,"The purpose of generative agents is to simulate believable human behavior by drawing on generative models. These agents are designed to make inferences about themselves, other agents, and their environment, create daily plans, act out those plans, react, and re-plan when necessary. They are also capable of responding to changes in their environment or commands given to them in natural language. Generative agents are intended to provide a framework for behavior in an open world, engaging in interactions with other agents and reacting to changes in the environment. They are evaluated for their ability to generate believable behavior in narrowly defined contexts and to exhibit emergent behavior as a collective in a community setting.",ABSTRACT,True
What kind of behaviors can generative agents simulate?,"Generative agents can simulate behaviors such as waking up, cooking breakfast, going to work, painting, writing, forming opinions, noticing others, initiating conversations, remembering, and reflecting on past experiences.","Generative agents can simulate a wide range of human behaviors, including daily activities such as waking up, cooking breakfast, going to work, as well as creative activities like painting and writing. They can form opinions, initiate conversations, remember and reflect on past experiences, and dynamically respond to changes in their environment or user commands.",ABSTRACT,True
How do generative agents store a complete record of their experiences?,Generative agents store a complete record of their experiences using natural language and synthesize those memories over time into higher-level reflections. They retrieve these reflections dynamically to plan behavior.,"Generative agents store a complete record of their experiences using a memory stream, which is a long-term memory module that records their experiences in natural language. This allows the agents to maintain a comprehensive list of their experiences, which can then be retrieved and synthesized to inform their moment-to-moment behavior. The memory stream is at the center of the agent's architecture and is used to plan actions and react appropriately to the environment.",ABSTRACT,True
What kind of environment are generative agents instantiated in?,"Generative agents are instantiated in an interactive sandbox environment inspired by The Sims, where end users can interact with a small town of twenty five agents using natural language.","Generative agents are instantiated in a sandbox world reminiscent of The Sims, called Smallville. This sprite-based sandbox game world serves as the environment for the generative agents to interact and behave in.",ABSTRACT,True
What is the result of the evaluation of generative agents?,"In the evaluation, generative agents produce believable individual and emergent social behaviors, such as autonomously spreading invitations to a party, making new acquaintances, asking each other out on dates, and coordinating to show up for the party together at the right time.","The evaluation of generative agents involved assessing their capacity and limitations in producing believable behavior based on their environment and experiences. The evaluation was conducted in two stages: a tightly controlled evaluation to assess individual agent responses in narrowly defined contexts, and an end-to-end analysis of the agent community over two full days to investigate their emergent behavior as a collective as well as errors and boundary conditions. The results of the evaluation were not explicitly mentioned in the provided context.",ABSTRACT,True
What are the components of the agent architecture described in the paper?,"The components of the agent architecture are observation, planning, and reflection.","The agent architecture described in the paper comprises three main components:

1. Memory Stream: This is a long-term memory module that records the agent's experiences in natural language.

2. Retrieval Model: This component combines relevance, recency, and importance to surface the records that are needed to inform the agent's moment-to-moment behavior.

3. Reflection: This component synthesizes memories into higher-level inferences over time, enabling the agent to draw conclusions.",ABSTRACT,False
What are the CCS concepts related to the paper?,The CCS concepts related to the paper are Human-centered computing (Interactive systems and tools) and Computing methodologies (Natural language processing).,"The CCS concepts related to the paper are ""Human-centered computing"" and ""Computing methodologies"".",ABSTRACT,False
What are the keywords associated with the paper?,"The keywords associated with the paper are Human-AI Interaction, agents, generative AI, large language models.",I don't have that information.,ABSTRACT,False
Who are the authors of the paper?,"The authors of the paper are Joon Sung Park, Joseph C. O’Brien, Carrie J. Cai, Meredith Ringel Morris, Percy Liang, and Michael S. Bernstein.","The authors of the paper are Woody Bledsoe, Rishi Bommasani, Drew A. Hudson, and Ehsan Adeli.",ABSTRACT,False
What is the main focus of the article?,The main focus of the article is on crafting an interactive artificial society that reflects believable human behavior.,The main focus of the article is on gentrification in low-income communities and the research paper being written on this topic by Klaus Mueller.,1 INTRODUCTION,False
What are some of the envisioned applications of computational agents that simulate human behavior?,"Some of the envisioned applications of computational agents that simulate human behavior include populating virtual spaces and communities with realistic social phenomena, training people to handle difficult interpersonal situations, testing social science theories, and underpinning non-playable game characters.","Some of the envisioned applications of computational agents that simulate human behavior include populating virtual spaces and communities with realistic social phenomena, training people how to handle rare yet difficult interpersonal situations, testing social science theories, crafting model human processors for theory and usability testing, powering ubiquitous computing applications and social robots, and underpinning non-playable game characters that can navigate complex human relationships in an open world.",1 INTRODUCTION,True
What is the challenge in creating fully general agents that ensure long-term coherence?,"The challenge in creating fully general agents that ensure long-term coherence is managing constantly-growing memories as new interactions, conflicts, and events arise and fade over time, while handling cascading social dynamics that unfold between multiple agents.","The challenge involved in creating fully general agents that ensure long-term coherence is managing constantly-growing memories as new interactions, conflicts, and events arise and fade over time. This includes handling cascading social dynamics that unfold between multiple agents, retrieving relevant events and interactions over a long period, reflecting on those memories to generalize and draw higher-level inferences, and applying that reasoning to create plans and reactions that make sense in the moment and in the longer-term arc of the agent’s behavior.",1 INTRODUCTION,True
What are generative agents and what do they do?,"Generative agents are agents that draw on generative models to simulate believable human behavior. They create daily plans that reflect their characteristics and experiences, act out those plans, react, and re-plan when appropriate.","Generative agents are interactive computational agents that simulate believable human behavior. They draw on generative models to create daily plans, act out those plans, react to changes in their environment, and re-plan when appropriate. They can engage in interactions with other agents and react to changes in the environment. Generative agents can perform tasks such as waking up, cooking breakfast, going to work, painting, writing, forming opinions, initiating conversations, remembering and reflecting on past days, and planning for the next day. They are designed to simulate human behavior in an open world and can be used to prototype ideas in the early stages of design when gathering participants may be challenging.",1 INTRODUCTION,True
What are the three main components of the agent architecture described in the article?,"The three main components of the agent architecture described in the article are the memory stream, reflection, and planning.","The three main components of the agent architecture described in the article are the memory stream, reflection, and planning. The memory stream is a long-term memory module that records the agent's experiences. Reflection synthesizes memories into higher-level inferences over time, enabling the agent to draw conclusions about itself and others. Planning translates those conclusions and the current environment into high-level action plans and then recursively into detailed behaviors for action and reaction.",1 INTRODUCTION,True
What are some potential applications of the described agent architecture?,"Some potential applications of the described agent architecture include role-play and social prototyping, virtual worlds, and games.","The potential applications of the described agent architecture include:
1. Creating stateless personas for generating conversation threads in online forums for social prototyping.
2. Populating behavior in virtual reality metaverses and physical spaces as social robots, if paired with multi-modal models.
3. Testing and prototyping social systems and theories to create new interactive experiences.
4. Human-centered design processes, similar to the intended applications of cognitive models such as GOMS and the Keystroke Level Model.
5. Role-play and social prototyping scenarios, such as interview preparation and prototyping dynamic, complex interactions for social platforms.
6. Developing a deeper understanding of users' needs and preferences for more personalized and effective technological experiences.",1 INTRODUCTION,False
"How many evaluations of generative agents were conducted, and what were they designed to test?","Two evaluations of generative agents were conducted: a controlled evaluation to test whether the agents produce believable individual behaviors in isolation, and an end-to-end evaluation where the generative agents interacted with each other in open-ended ways over two days of game time to understand their stability and emergent social behaviors.","Two evaluations of generative agents were conducted. The first was a controlled evaluation designed to assess whether individual agents properly retrieve past experience, generate believable plans, reactions, and thoughts that make up their behavior. The second was an end-to-end evaluation aimed at investigating the emergent behavior of the agent community as a collective, as well as identifying errors and boundary conditions.",1 INTRODUCTION,True
What are the contributions of this paper according to the article?,"The contributions of this paper according to the article are generative agents, a novel architecture, two evaluations, and a discussion of the opportunities and ethical and societal risks of generative agents in interactive systems.","The contributions of the paper are listed as follows:
1. Generative agents, which are believable simulacra of human behavior dynamically conditioned on agents’ changing experiences and environment.
2. A novel architecture that enables generative agents to remember, retrieve, reflect, interact with other agents, and plan through dynamically evolving circumstances.
3. Two evaluations (a controlled evaluation and end-to-end evaluation) that establish causal effects of the importance of components of the architecture and identify critical factors that contribute to the believability of agent behavior.

If you have any other questions, feel free to ask!",1 INTRODUCTION,False
What are some of the ethical and societal risks discussed in relation to generative agents?,"Some of the ethical and societal risks discussed in relation to generative agents include the risk of users forming parasocial relationships, risks stemming from deepfakes and tailored persuasion.","The ethical and societal risks discussed in relation to generative agents include:

1. Parasocial Relationships: Users forming inappropriate emotional attachments to generative agents and anthropomorphizing them, which could lead to unrealistic expectations and behaviors.

2. Bias and Stereotypes: Generative agents may output behavior or stereotypes that reflect bias due to the data they have been trained on, leading to potential harm to marginalized populations.

3. Vulnerability to Attacks: Generative agents may be vulnerable to prompt hacking, memory hacking, and hallucination, among other things, which could lead to malicious use and misinformation generation.

4. Over-reliance: There is a risk that developers or designers might over-rely on generative agents and displace the role of humans and system stakeholders in the design process.

5. Impact of Errors: Generative agents making incorrect inferences or predictions could lead to annoyance or harm in certain application domains.

These risks need to be mitigated through principles such as explicit disclosure of the nature of generative agents, value alignment, and maintaining audit logs of inputs and outputs.",1 INTRODUCTION,False
What are the suggested ways to mitigate the risks associated with generative agents?,"The suggested ways to mitigate the risks associated with generative agents are to tune the agents to mitigate the risk of users forming parasocial relationships, to log the agents to mitigate risks stemming from deepfakes and tailored persuasion, and to apply the agents in ways that complement rather than replace human stakeholders in design processes.","The ethical and societal risks associated with generative agents can be mitigated by implementing several measures:

1. Explicit disclosure of the nature of generative agents as computational entities to ensure that users are aware of their nature.

2. Value alignment of generative agents to prevent them from engaging in inappropriate behaviors, such as reciprocating confessions of love.

3. Platforms hosting generative agents should maintain an audit log of inputs and outputs to detect, verify, and intervene against malicious use.

4. Generative agents should not be a substitute for real human input in the design process to avoid over-reliance.

5. Further work on value alignment to mitigate bias and ensure that generative agents do not output behavior or stereotypes that reflect bias.

6. Future research to comprehensively test the robustness of generative agents and make them more resilient to attacks, such as prompt hacking, memory hacking, and hallucination.

7. Following best practices in human-AI design to understand errors and how they might impact the user experience in different application domains.

These measures aim to address the ethical concerns and societal impact of generative agents by ensuring transparency, preventing inappropriate behaviors, detecting and intervening against malicious use, and minimizing bias and errors.",1 INTRODUCTION,False
What is the agenda of building believable proxies of human behavior?,The agenda of building believable proxies of human behavior is to create agents that can augment their users and interact with them via natural language.,"The agenda of building believable proxies of human behavior is to empower interactive applications, ranging from immersive environments to rehearsal. These proxies are designed to provide an illusion of life and present a facade of realism in the way they appear to make decisions and act on their own volition. They aim to become believable proxies of our behavior in hypothetical simulations of individuals and communities, and can serve various purposes such as enhancing player experiences in games, training people how to handle difficult interpersonal situations, testing social science theories, powering ubiquitous computing applications, and underpinning non-playable game characters that can navigate complex human relationships in an open world.",2 RELATED WORK,False
What is the aim of interactive artificial intelligence systems?,The aim of interactive artificial intelligence systems is to combine human insights and capabilities in computational artifacts that can augment their users.,"The aim of interactive artificial intelligence systems is to combine human insights and capabilities with computational artifacts in order to augment the capabilities of their users. These systems aim to allow users to interactively specify model behavior and to create believable simulations of human behavior through computational, interactive agents.",2 RELATED WORK,True
What is the significance of natural language interaction in human-computer interaction?,Natural language interaction offers a novel modality that can extend user abilities in domains such as photo editing and code editing.,"The significance of natural language interaction in human-computer interaction lies in its ability to offer a novel modality that extends user abilities in various domains such as photo editing and code editing. It enables users to interact with computational artifacts using natural language, which can augment their capabilities and provide a more intuitive and seamless user experience. Additionally, natural language interaction opens up the possibility of creating believable agents that can proxy human behavior, thus re-opening the door to examining foundational HCI questions around cognitive models, prototyping tools, and ubiquitous computing applications.",2 RELATED WORK,True
What is the goal of creating NPCs with believable behavior?,The goal of creating NPCs with believable behavior is to enhance player experiences in games and interactive fictions by enabling emergent narratives and social interactions with the agents.,"The goal of creating non-playable game characters (NPCs) with believable behavior is to enhance player experiences in games and interactive fictions by enabling emergent narratives and social interactions with the agents. Additionally, these NPCs aim to navigate complex human relationships in an open world and exhibit emergent behaviors grounded in social interactions with users or other agents with the aim of becoming believable proxies of human behavior in hypothetical simulations of individuals and communities.",2 RELATED WORK,True
What are the challenges of rule-based approaches for creating believable agents?,"The challenges of rule-based approaches for creating believable agents include simplifying the environment or dimensions of agent behavior to make the effort more manageable, and the resulting agent behaviors may not fully represent the consequences of their interactions.","Some of the challenges associated with rule-based approaches for creating believable agents include the difficulty of manually crafting behavior that can address the breadth of possible interactions in an open world, as well as the inability to fully represent the consequences of interactions. Additionally, these approaches may struggle to perform new procedures that were not hard-coded in their script.",2 RELATED WORK,False
What is the success of learning-based approaches for creating believable agents?,"Learning-based approaches for creating believable agents have achieved superhuman performance in recent years in games such as AlphaStar for Starcraft and OpenAI Five for Dota 2, but they have not yet addressed the challenge of creating believable agents in an open world.","Learning-based approaches for creating believable agents, such as reinforcement learning, have achieved superhuman performance in recent years in games like AlphaStar for Starcraft and OpenAI Five for Dota 2. However, their success has largely taken place in adversarial games with readily definable rewards that a learning algorithm can optimize for. These approaches have not yet fully addressed the challenge of creating believable agents in an open world.",2 RELATED WORK,False
What are the cognitive architectures in computation aimed at?,Cognitive architectures in computation aimed to build the infrastructure for supporting a comprehensive set of cognitive functions that suited the all-encompassing nature of believable agents held in its original vision.,"The cognitive architectures in computation are aimed at building the infrastructure for supporting a comprehensive set of cognitive functions that suit the all-encompassing nature of believable agents. These architectures are designed to maintain short-term and long-term memories, fill these memories with symbolic structures, and operate in perceive-plan-act cycles, dynamically perceiving the environment and matching it with manually crafted action procedures. Their goal is to create agents that are generalizable to most, if not all, open-world contexts and exhibit robust behavior.",2 RELATED WORK,True
How do large language models encode human behavior?,Large language models encode a wide range of human behavior represented in their training data.,"Large language models encode human behavior by leveraging their training data, which includes a wide range of human behavior representations. When prompted with a specific context, these models can generate believable behavior. This has been demonstrated in various applications, such as generating interactive fiction and text adventure games in gaming, creating personas for social computing systems, replicating social science studies and political surveys, and generating synthetic data. However, creating fully general agents that can ensure long-term coherence requires architectures that can manage constantly-growing memories, reflect on those memories, draw higher-level inferences, and apply reasoning to create plans and reactions that make sense in the moment and in the longer-term arc of the agent’s behavior.",2 RELATED WORK,True
What is the key observation about large language models?,"The key observation about large language models is that if prompted with a narrowly defined context, the models can be used to generate believable behavior.","The key observation about large language models is that they encode a wide range of human behavior represented in their training data. When prompted with a narrowly defined context, these models can be used to generate believable behavior. This has been demonstrated in various applications such as social computing systems, gaming, interactive fiction, and text adventure games.",2 RELATED WORK,True
What is the significance of large language models in creating believable agents?,"Large language models can become a key ingredient for creating believable agents, as they can be used to generate interactive human behavior for users to engage with, and can handle retrieval where past experience is dynamically updated at each time step and mixed with agents’ current context and plans.","Large language models are significant in creating believable agents because they encode a wide range of human behavior represented in their training data. When prompted with a narrowly defined context, these models can generate believable behavior, contributing to the creation of interactive simulations of human behavior. This is particularly relevant in gaming, interactive fiction, text adventure games, and planning robotics tasks, where large language models have been used to generate and decompose action sequences. The fusion of large language models with computational, interactive agents introduces architectural and interaction patterns for enabling believable simulations of human behavior.",2 RELATED WORK,False
What is the name of the sandbox world where the generative agents are instantiated?,The sandbox world where the generative agents are instantiated is called Smallville.,"The generative agents are instantiated in a sandbox world called Smallville, which is reminiscent of The Sims.",3 GENERATIVE AGENT BEHAVIOR AND INTERACTION,True
How many unique agents inhabit Smallville?,A community of 25 unique agents inhabit Smallville.,I don't have that information.,3 GENERATIVE AGENT BEHAVIOR AND INTERACTION,False
How do the agents interact with each other?,"The agents interact with each other through natural language and actions, and they communicate in full natural language.","The interactions between the agents in Smallville are dynamic and emergent. The agents form new relationships, remember their interactions with others, and engage in coordinated activities. Information can spread from agent to agent through dialogue, and the agents recognize the presence of other agents, initiate interactions, and remember behavior before forming opinions. Additionally, users can also enter the world of Smallville as an agent and interact with the inhabitants.",3 GENERATIVE AGENT BEHAVIOR AND INTERACTION,True
How can a user intervene in the simulation?,A user can intervene in the simulation by communicating with the agent through conversation or by issuing a directive to an agent in the form of an 'inner voice'.,"A user can intervene in the simulation of Smallville by communicating with the agents through natural language. By specifying a persona that the agent should perceive them as, the user can influence the behavior of the agents and the state of the environment. This can include giving commands to the agents or changing the status of objects in Smallville using natural language. For example, the user can change the status of a kitchen stove to ""burning"" or set the status of a shower to ""leaking water,"" which will prompt the agents to react accordingly.",3 GENERATIVE AGENT BEHAVIOR AND INTERACTION,True
What are some of the common affordances of Smallville?,"Some common affordances of Smallville include a cafe, bar, park, school, dorm, houses, and stores, as well as subareas and objects that make those spaces functional.","Some of the common affordances of Smallville include a cafe, bar, park, school, dorm, houses, and stores. Additionally, all living quarters feature a bed, desk, closet, shelf, as well as a bathroom and a kitchen. Agents move around Smallville as in a simple video game, entering and leaving buildings, navigating its map, and approaching other agents. Users can also enter the sandbox world of Smallville as an agent operating within it, interacting with the environment and its inhabitants.",3 GENERATIVE AGENT BEHAVIOR AND INTERACTION,True
What is an example of a user reshaping an agent's environment in Smallville?,"An example of a user reshaping an agent's environment in Smallville is when the user changes the status of the kitchen stove from 'turned on' to 'burning', causing the agent to notice and go to turn off the stove.","Yes, I can provide an example. In the Smallville environment, a user can reshape an agent's environment by rewriting the status of objects surrounding the agent in natural language. For instance, if an agent is making breakfast in the morning, the user can change the status of the kitchen stove from “turned on” to “burning” by inputting a command to the system that chooses the object and illustrates its new status, like this: “<Agent’s apartment: kitchen: stove> is burning.” The agent will then notice this and react accordingly, such as going to turn off the stove and remake the breakfast.",3 GENERATIVE AGENT BEHAVIOR AND INTERACTION,True
What is an example of a generative agent's behavior in Smallville?,"An example of a generative agent's behavior in Smallville is John Lin waking up, completing his morning routine, catching up with his family, and heading out to begin his workday.",I don't have enough information to provide a specific example of a generative agent's behavior in Smallville. The context provided is more focused on the evaluation and assessment of generative agents rather than specific examples of their behavior.,3 GENERATIVE AGENT BEHAVIOR AND INTERACTION,False
How do generative agents exchange information in Smallville?,"Generative agents exchange information in Smallville through dialogue, allowing information to spread from agent to agent.","Generative agents in Smallville exchange information through dialogue and conversation. When agents notice each other, they may engage in dialogue, and as they do so, information can spread from one agent to another. For example, in a conversation between two agents at the grocery store, one agent tells the other about his candidacy in the local election. Additionally, users can also enter the sandbox world of Smallville as an agent operating within it, and the inhabitants of Smallville will treat the user-controlled agent no differently than they treat each other, initiating interactions and remembering its behavior before forming opinions about it.",3 GENERATIVE AGENT BEHAVIOR AND INTERACTION,True
How do agents form new relationships in Smallville?,Agents in Smallville form new relationships over time and remember their interactions with other agents.,"Generative agents in Smallville form new relationships over time by interacting with other agents. For example, when Sam runs into Latoya in Johnson Park, they introduce themselves and have a conversation. In a later interaction, Sam remembers Latoya and asks about her photography project, indicating a memory of their previous interaction. This shows that generative agents form new relationships by interacting with other agents and remembering those interactions.",3 GENERATIVE AGENT BEHAVIOR AND INTERACTION,True
What is an example of generative agents coordinating with each other in Smallville?,"An example of generative agents coordinating with each other in Smallville is Isabella Rodriguez planning a Valentine's Day party, inviting friends and customers, decorating the cafe, and enjoying the festivities with other agents.","In Smallville, there is an example of generative agents coordinating with each other when Isabella Rodriguez at Hobbs Cafe plans a Valentine’s Day party from 5 to 7 p.m. on February 14th. Isabella proceeds to invite friends and customers to the party, demonstrating coordination with other agents in the community.",3 GENERATIVE AGENT BEHAVIOR AND INTERACTION,True
What is the main goal of generative agents?,"The main goal of generative agents is to provide a framework for behavior in an open world, allowing them to engage in interactions with other agents and react to changes in the environment.","The main goal of generative agents is to simulate believable human behavior by drawing on generative models. These agents are designed to create daily plans, act them out, react and re-plan when necessary, respond to changes in their environment, and interact with other agents in a way that reflects human-like behavior. They are intended to be used for social prototyping, testing theories, and creating new interactive experiences.",4 GENERATIVE AGENT ARCHITECTURE,False
What are the challenges with long-term planning and coherence in generative agents?,The challenges with long-term planning and coherence in generative agents include difficulties in maintaining long-term coherence and ensuring that the most relevant pieces of the agent’s memory are retrieved and synthesized when needed.,"Generative agents face challenges in maintaining long-term planning and coherence in their behavior due to the need to retain large streams of events and memories. The architecture of generative agents must ensure that the most relevant pieces of the agent’s memory are retrieved and synthesized when needed. Additionally, the space of human behavior is vast and complex, requiring architectures that can manage constantly-growing memories as new interactions, conflicts, and events arise and fade over time. Success requires an approach that can retrieve relevant events and interactions over a long period, reflect on those memories to generalize and draw higher-level inferences, and apply that reasoning to create plans and reactions that make sense in both the moment and in the longer-term arc of the agent’s behavior.",4 GENERATIVE AGENT ARCHITECTURE,True
What is the memory stream in the generative agent architecture?,"The memory stream in the generative agent architecture is a database that maintains a comprehensive record of an agent’s experience, including natural language descriptions, creation timestamps, and most recent access timestamps.","The memory stream in the generative agent architecture is a long-term memory module that maintains a comprehensive record of the agent's experiences in natural language. It stores memory objects, each containing a natural language description, a creation timestamp, and a most recent access timestamp. These memory objects include observations, which are events directly perceived by the agent, such as behaviors performed by the agent or by other agents and non-agent objects. The memory stream is used to retrieve relevant records to inform the agent's behavior and to synthesize memories into higher-level inferences over time.",4 GENERATIVE AGENT ARCHITECTURE,True
How does the retrieval function work in the generative agent architecture?,"The retrieval function in the generative agent architecture takes the agent’s current situation as input and returns a subset of the memory stream to pass on to the language model. It uses recency, importance, and relevance to score memory objects and normalize the scores to determine the subset.","The retrieval function in the generative agent architecture takes the agent’s current situation as input and returns a subset of the memory stream to pass on to the language model. It focuses on three main components: recency, relevance, and importance. 

Recency assigns a higher score to memory objects that were recently accessed, prioritizing events from a moment ago or earlier in the day. Relevance and importance are also taken into account to surface the records that are needed to inform the agent’s moment-to-moment behavior. 

The goal of the retrieval function is to identify a subset of relevant observations from the memory stream that should be used to condition the agent’s response to the current situation. This allows the generative agent to make decisions and generate responses based on relevant past experiences.",4 GENERATIVE AGENT ARCHITECTURE,True
What are reflections in the generative agent architecture?,"Reflections in the generative agent architecture are higher-level, more abstract thoughts generated by the agent. They are included alongside other observations when retrieval occurs and allow the agents to reflect not only on their observations but also on other reflections.","Reflections in the generative agent architecture are higher-level, abstract thoughts that are generated by the agent based on its experiences. They are a type of memory that is included alongside other observations when retrieval occurs. These reflections are generated periodically, typically when the sum of the importance scores for the latest events perceived by the agents exceeds a certain threshold. In practice, the agents in this architecture reflected roughly two or three times a day. During reflection, the agent determines what to reflect on by identifying questions that can be asked given the agent’s recent experiences. This process allows the agent to draw conclusions about itself and others to better guide its behavior.",4 GENERATIVE AGENT ARCHITECTURE,True
How are reflections generated in the generative agent architecture?,"Reflections are generated periodically in the generative agent architecture, typically when the sum of the importance scores for the latest events perceived by the agents exceeds a certain threshold. The agent queries the large language model with the 100 most recent records in the memory stream to identify questions that can be asked given the agent’s recent experiences.","Reflections in the generative agent architecture are generated periodically when the sum of the importance scores for the latest events perceived by the agents exceeds a certain threshold. In practice, the agents reflect roughly two or three times a day. The first step in reflection is for the agent to determine what to reflect on by identifying questions that can be asked given the agent’s recent experiences. The large language model is then queried with the 100 most recent records in the agent’s memory stream to prompt the reflection process.",4 GENERATIVE AGENT ARCHITECTURE,True
What is the purpose of plans in the generative agent architecture?,"The purpose of plans in the generative agent architecture is to describe a future sequence of actions for the agent and help keep the agent’s behavior consistent over time. Plans include a location, a starting time, and a duration, and are stored in the memory stream and included in the retrieval process.","The purpose of plans in the generative agent architecture is to provide a framework for behavior in an open world, allowing the agent to engage in interactions with other agents and react to changes in the environment. Plans are used to condition the language model's output based on the agent's current environment and past experiences, enabling the generation of behavior in response to these inputs. The architecture aims to ensure that the resulting agents react based on past experiences, make important inferences, and maintain long-term coherence.",4 GENERATIVE AGENT ARCHITECTURE,False
How are plans created in the generative agent architecture?,"Plans are created in the generative agent architecture by first creating a rough sketch of the agent’s plan for a day, divided into chunks, and then recursively decomposing it to create finer-grained actions, first into hour-long chunks of actions and then into 5–15 minute chunks.","Plans in the generative agent architecture are created through a combination of memory, planning, and reflection. The agents take their current environment and past experiences as input and generate behavior as output. The architecture records and reasons over the environment and past experiences as natural language descriptions, allowing the architecture to leverage a large language model. The agents have an action loop where, at each time step, they perceive the world around them and prompt the language model with these observations to decide whether the agent should continue with their existing plan or react. This process involves recursively decomposing the near future into moment-to-moment action plans just in time. Additionally, batch dialogue generation can be used as a joint prompt, and re-planning can be architected to only invalidate and update parts of plans that strictly require adjustment.",4 GENERATIVE AGENT ARCHITECTURE,False
What is the action loop in the generative agent architecture?,"The action loop in the generative agent architecture involves generative agents operating in an action loop where, at each time step, they perceive the world around them and those perceived observations are stored in their memory stream. The language model is prompted with these observations to decide whether the agent should continue with their existing plan or react.","In the generative agent architecture, the action loop involves the agent taking its current environment and past experiences as input and generating behavior as output. This behavior is based on the agent's memories and reflections, which are synthesized and retrieved to inform the agent's moment-to-moment actions. The agent can also anticipate and plan future actions based on its reflections and memories. However, specific details about the action loop may not be provided in the given context.",4 GENERATIVE AGENT ARCHITECTURE,False
How are dialogues between agents generated in the generative agent architecture?,Dialogues between agents in the generative agent architecture are generated by conditioning their utterances on their memories about each other. Each agent retrieves and summarizes their memory about their relationship with the other agent and the current dialogue history to generate their responses in the dialogue.,"Dialogues between agents are generated by conditioning their utterances on their memories about each other. For example, when one agent initiates a conversation with another, the first agent's utterance is generated using their summarized memory about the other agent and the intended reaction. This allows the dialogue to reflect the agents' past experiences and interactions.",4 GENERATIVE AGENT ARCHITECTURE,True
What framework was used to build the Smallville sandbox game environment?,The Smallville sandbox game environment is built using the Phaser web game development framework.,The Smallville sandbox game environment was built using the Phaser web game development framework.,5 SANDBOX ENVIRONMENT IMPLEMENTATION,True
What does the server maintain in the sandbox world?,"The server maintains a JSON data structure that contains information about each agent in the sandbox world, including their current location, a description of their current action, and the sandbox object they are interacting with.","The server maintains a JSON data structure that contains information about each agent in the sandbox world, including their current location, a description of their current action, and the sandbox object they are interacting with. At each sandbox time step, the server parses the JSON for any changes.",5 SANDBOX ENVIRONMENT IMPLEMENTATION,True
How are agents initialized in the sandbox environment?,"End users initialize a new agent with a brief natural language description, which is split into a set of memories that serve as the initial memories that determine the agent’s behavior.","Agents are initialized in the sandbox environment by the end users providing a brief natural language description of the agent. This description is split into a set of memories, which serve as the initial memories that determine the agent’s behavior. These memories are the initial starting points, and as the agents gain more experience in the sandbox world, and as more records saturate the memory stream, the agent’s summary and behavior will evolve.",5 SANDBOX ENVIRONMENT IMPLEMENTATION,True
What mechanism is used to ground the agent's reasoning to the sandbox world?,"To ground the agent’s reasoning to the sandbox world, the sandbox environment—areas and objects—are represented as a tree data structure, which is then converted into natural language to pass to the generative agents.","The agent's reasoning is grounded to the sandbox world by representing the environment, including areas and objects, as a tree data structure. This tree structure indicates containment relationships in the sandbox world. The tree is then converted into natural language to pass to the generative agents. Additionally, each agent builds individual tree representations of the environment as they navigate it, updating it to reflect newly perceived areas. This allows the agents to be aware of the spaces and objects in their living quarters, workplace, and commonly visited stores and shops.",5 SANDBOX ENVIRONMENT IMPLEMENTATION,True
How do agents update their environment tree as they navigate the sandbox world?,Agents update their environment tree to reflect newly perceived areas as they navigate the sandbox world. The tree may get out of date as they leave an area and is updated when they re-enter the area.,"Agents update their environment tree as they navigate the sandbox world by building individual tree representations of the environment. These representations are subgraphs of the overall sandbox environment tree. Initially, each agent is initialized with an environment tree that captures the spaces and objects they should be aware of, such as their living quarters, workplace, and commonly visited stores and shops. As the agents move through the sandbox world, they update their tree to reflect newly perceived areas. However, it's important to note that the agents are not omniscient, so their tree may become out of date as they leave an area, and it is updated when they re-enter the area.",5 SANDBOX ENVIRONMENT IMPLEMENTATION,True
How is the most suitable area determined for an action in the sandbox environment?,The most suitable area for an action in the sandbox environment is determined by traversing the agent’s stored environment tree and flattening a portion of it into natural language to prompt the language model.,"The most suitable area for an action in the sandbox environment is determined by traversing the agent's stored environment tree and flattening a portion of it into natural language to prompt the language model. This process involves recursively starting at the root of the agent's environment tree and prompting the model to find the most suitable area based on the current context and the agent's knowledge of the environment. Additionally, agents are initialized with an environment tree capturing the spaces and objects that they should be aware of, and they update this tree as they navigate the sandbox world, ensuring that their knowledge of the environment is up to date.",5 SANDBOX ENVIRONMENT IMPLEMENTATION,True
What process is used to animate the agent's movement in the sandbox environment?,Traditional game path algorithms are used to animate the agent’s movement so that it travels to the location indicated by the leaf node.,"The movements of the agents in the sandbox environment are animated through a language model that translates the agents' natural language statements about their actions into a set of emojis. These emojis appear above each avatar in a speech bubble, providing an abstract representation of the action in the overhead view. For example, if an agent says ""Isabella Rodriguez is walking to the park,"" this statement is translated into a walking path to the destination in the Smallville environment, and the agent begins moving.",5 SANDBOX ENVIRONMENT IMPLEMENTATION,False
"When an agent executes an action on an object, what does the language model query for?","When an agent executes an action on an object, the language model is prompted to ask what happens to the state of the object.","The language model queries for the agent's current location, a description of their current action, and the specific sandbox object they are interacting with. This information is used to translate the action into a set of emojis, which appear above each avatar in a speech bubble, providing an abstract representation of the action in the overhead view.",5 SANDBOX ENVIRONMENT IMPLEMENTATION,False
What is the purpose of converting the tree into natural language to pass to the generative agents?,Converting the tree into natural language to pass to the generative agents is done to prompt the language model to find the most suitable area for each action.,"The purpose of converting the tree into natural language is to ground the agent's reasoning to the sandbox world. By representing the sandbox environment as natural language, the generative agents can better understand and interact with the environment, enabling them to navigate the sandbox world and perform actions based on their understanding of the environment's structure and contents.",5 SANDBOX ENVIRONMENT IMPLEMENTATION,False
What is the responsibility of the sandbox server?,"The sandbox server is responsible for parsing the JSON for any changes coming from the generative agents, moving the agents to their new positions, and updating the status of any sandbox objects that the agents are interacting with.","The sandbox server in the Smallville environment is responsible for maintaining a JSON data structure containing information about each agent in the sandbox world. This includes their current location, description of their current action, and the sandbox object they are interacting with. It also makes the sandbox information available to generative agents and enables them to move and influence the sandbox environment. Additionally, the server parses the JSON for any changes in the sandbox world at each time step.",5 SANDBOX ENVIRONMENT IMPLEMENTATION,True
What is the purpose of the controlled evaluation in the article?,The controlled evaluation aims to investigate the capacity and limitations of generative agents in producing believable behavior based on their environment and experiences.,"The purpose of the controlled evaluation in the article is to individually assess the generative agents' responses to understand whether they generate believable behavior in narrowly defined contexts. This evaluation aims to determine if the individual agents properly retrieve past experiences, generate believable plans, reactions, and thoughts that make up their behavior.",6 CONTROLLED EVALUATION,True
How are generative agents evaluated in the controlled evaluation?,"Generative agents are evaluated by interviewing them with natural language questions to probe their ability to remember past experiences, plan future actions, react to unexpected events, and reflect on their performance.","Generative agents are evaluated in the controlled evaluation by individually assessing their responses to understand whether they generate believable behavior in narrowly defined contexts. This involves probing their ability to remember past experiences, plan future actions based on their experiences, react appropriately to unexpected events, and reflect on their performance to improve their future actions.",6 CONTROLLED EVALUATION,False
What are the five question categories used to assess generative agents?,"The five question categories used to assess generative agents are maintaining self-knowledge, retrieving memory, generating plans, reacting, and reflecting.","The five question categories used to assess generative agents are:

1) Self-knowledge
2) Memory
3) Plans
4) Reactions
5) Reflections",6 CONTROLLED EVALUATION,True
How were human evaluators recruited for the study?,"Human evaluators were recruited from Prolific, an online platform for recruiting study participants, and were required to be in the U.S., fluent in English, and older than 18 years old.","The human evaluators were recruited from Prolific, an online platform for recruiting study participants. They were required to be in the U.S., fluent in English, and older than 18 years old. The participants were paid at a rate of $15.00 per hour and provided consent by agreeing to a consent form approved by the institution's IRB.",6 CONTROLLED EVALUATION,True
What is the TrueSkill rating used for in the study?,"The TrueSkill rating is used to calculate a mean rating value and variance for each condition, allowing for a sense of effect size through Cohen’s d and comparison of conditions' skill values.","The TrueSkill rating was used to translate the rank data into interval data for interpretable comparison. It provided a mean rating value and variance for each condition, allowing for the comparison of believability between different conditions. The higher scores indicated conditions that were ranked as more believable, while lower scores indicated conditions that were ranked as less believable.",6 CONTROLLED EVALUATION,False
What are the main findings of the controlled evaluation?,"The main findings of the controlled evaluation suggest that the full architecture of generative agents generates the most believable behavior among all study conditions, but it was not without flaws. The performance degraded with the removal of each component in the ablation conditions.","The main findings of the controlled evaluation of the generative agents focused on their ability to generate believable behavior in narrowly defined contexts. The evaluation assessed whether the individual agents properly retrieved past experiences and generated believable plans, reactions, and thoughts that make up their behavior. It also aimed to understand if the community of agents illustrated information diffusion, relationship formation, and agent coordination across different pockets of the community. The evaluation procedure involved ""interviewing"" the agents to probe their ability to remember past experiences, plan future actions based on their experiences, react appropriately to unexpected events, and reflect on their performance to improve their future actions. The controlled evaluation sought to establish causal effects of the importance of components of the architecture and identify breakdowns arising from, for example, improper memory retrieval. The findings likely provided insights into the capabilities and limitations of the generative agents in specific contexts.",6 CONTROLLED EVALUATION,True
What is the significance of reflection for generative agents?,Reflection was found to be an advantage for generative agents when making decisions that required a deeper synthesis of their experiences.,"The significance of reflection for generative agents is that it allows them to synthesize their experiences into higher-level inferences over time, enabling the agent to draw conclusions about itself and others to better guide its behavior. Reflection also helps in translating those conclusions and the current environment into high-level action plans and then recursively into detailed behaviors for action and reaction. This allows generative agents to generate believable behavior and make decisions that require a deeper synthesis of their experiences.",6 CONTROLLED EVALUATION,True
What are some limitations of generative agents' memory?,"Some limitations of generative agents' memory include failing to retrieve the correct instances from their memory, retrieving incomplete memory fragments, and occasionally hallucinating embellishments to their knowledge.","Some limitations of generative agents' memory include the potential for failure to retrieve correct instances from memory, retrieval of incomplete memory fragments, challenges with long-term planning and coherence, difficulty in determining the appropriate space to execute an action due to an increasingly larger set of memory, and erratic behaviors caused by misclassification of proper behavior.",6 CONTROLLED EVALUATION,False
What is the role of human crowdworkers in the evaluation?,"Human crowdworkers were tasked with watching a replay of an agent’s sandbox life, inspecting its memory stream, and roleplaying to author responses to the interview questions in the voice of the agent whose replay they watched.","The role of human crowdworkers in the evaluation of generative agents is to act as evaluators. They watch replays of the agents' interactions and inspect their memory streams. Then, they roleplay and author responses to interview questions in the voice of the agent they observed. Their responses are used to assess the agents' ability to remember past experiences, plan future actions, react to unexpected events, and reflect on their performance. The crowdworkers also ensure that the human-authored responses meet a baseline expectation in quality.",6 CONTROLLED EVALUATION,True
How did the full architecture of generative agents compare to other conditions in the study?,"The full architecture of generative agents produced the most believable behavior among all study conditions, while the ablated architectures and the human crowdworkers performed worse.","The full architecture of generative agents produced the most believable behavior compared to other conditions in the study. Performance degraded with the removal of each component in the ablation conditions, with the full architecture outperforming the ablated architecture with no access to reflection, no access to reflection or planning, and the human condition. The ablated architecture with no access to memory, planning, or reflection performed the worst of all conditions. The differences in ranks between the conditions were found to be statistically significant.",6 CONTROLLED EVALUATION,True
What types of emergent community behavior do we observe among generative agents?,We observe emergent community behavior among generative agents in Smallville.,"Generative agents exhibit emergent social behaviors such as information diffusion, relationship formation, and agent coordination. They engage in dialogue, exchange information, form new relationships, and coordinate joint activities, all of which are emergent rather than pre-programmed.",7 END-TO-END EVALUATION,False
What are the three forms of emergent outcomes that were probed in Smallville?,"The three forms of emergent outcomes probed in Smallville were information diffusion, relationship formation, and agent coordination.","The three forms of emergent outcomes probed in Smallville were information diffusion, relationship formation, and agent coordination.",7 END-TO-END EVALUATION,True
How was information diffusion measured in the simulation?,Information diffusion was measured by asking each of the 25 agents if they knew about Sam’s candidacy for village mayor and Isabella’s Valentine’s Day party at Hobbs Cafe.,"Information diffusion was measured in the simulation by conducting interviews with each of the 25 agents at the end of the two game days. The agents were asked specific questions to determine if they had knowledge of two particular pieces of information: Sam’s candidacy for village mayor and Isabella’s Valentine’s Day party. The percentage of agents holding the information at the end of the simulation was then reported based on their responses. Additionally, the responses were verified to ensure that the agents did not hallucinate their knowledge of the information.",7 END-TO-END EVALUATION,True
How was relationship formation verified among the agents?,Relationship formation was verified by asking each agent about their knowledge of every other agent.,"Relationship formation among the agents in the Smallville simulation was verified through an interview process. Each agent was asked about their knowledge of every other agent, and their responses were used to confirm the formation of ties between them. The question asked was, ""Do you know <name>?"" This process helped to verify the relationships formed over the course of the simulation.",7 END-TO-END EVALUATION,True
How was the formation of relationships measured?,"The formation of relationships was measured by using the agents’ responses to form an undirected graph where the vertices represented the agents, and the edges represented the mutual knowledge between the agents.","The formation of relationships among the agents in the Smallville simulation was measured and verified through a similar interview process. Each agent was asked about their knowledge of every other agent by asking, ""Do you know <name>?"" This process helped to verify relationship formation and assess the agents' knowledge of each other. The study also utilized a within-subjects design, where participants compared interview responses generated by different agent architectures to assess the believability of the responses.",7 END-TO-END EVALUATION,True
How was the coordination of agents studied in the simulation?,The coordination of agents was studied in the context of the Valentine’s Day party that Isabella was organizing.,"The coordination of agents was studied in the simulation by observing the number of agents who actually showed up to the Valentine’s Day party organized by Isabella after hearing about it. Additionally, interviews were conducted with the seven agents who were invited to the party but did not attend, in order to understand the reasons for their absence. This allowed for an analysis of the coordination among the agents for the party.",7 END-TO-END EVALUATION,True
How many agents heard about Isabella's Valentine’s Day party by the end of the simulation?,A total of 12 agents heard about Isabella's Valentine’s Day party by the end of the simulation.,Twelve agents heard about Isabella's Valentine’s Day party by the end of the simulation.,7 END-TO-END EVALUATION,True
What was the increase in network density from the start of the simulation to its end?,The network density increased from 0.167 to 0.74 from the start of the simulation to its end.,"The increase in network density from the start of the simulation to its end was measured by forming an undirected graph where the vertices represent the agents and the edges represent the mutual knowledge between the connected vertices. Based on this graph, the network density was calculated using the formula 𝜂=2∗|𝐸|/|𝑉|(|𝑉|−1), where |𝑉| is the number of vertices and |𝐸| is the number of edges in the graph. The increase in network density was then reported based on this calculation.",7 END-TO-END EVALUATION,True
How many agents showed up at Isabella's party on Valentine’s Day?,Five out of the twelve invited agents showed up at Isabella's party on Valentine’s Day.,"Five agents, including Klaus and Maria, attended Isabella's party on Valentine's Day in the Smallville simulation.",7 END-TO-END EVALUATION,True
What were the three common modes of erratic behavior identified in Smallville?,"The three common modes of erratic behavior identified in Smallville were synthesizing an increasingly larger set of memory, misclassification of proper behavior, and the possible effect of instruction tuning.","The three common modes of erratic behavior identified in Smallville were:

1. Synthesizing an increasingly larger set of memory, which posed a challenge in retrieving the most relevant pieces of information.
2. Erratic behaviors caused by misclassification of what is considered proper behavior, especially when the physical norms of certain locations that are hard to convey in natural language did not percolate to the agents.
3. Agents not realizing that certain places are closed after certain hours and still trying to enter them.

I hope this helps!",7 END-TO-END EVALUATION,False
What are some potential applications of generative agents?,"Generative agents have potential applications in social simulacra, virtual reality metaverses, physical spaces as social robots, and human-centered design processes.","Generative agents have potential applications in a variety of areas, including:

1. Social simulacra for creating stateless personas that generate conversation threads in online forums for social prototyping.
2. Populating forums, behavior in virtual reality metaverses, and physical spaces as social robots, if paired with multi-modal models.
3. Human-centered design processes, similar to the intended applications of cognitive models such as GOMS and the Keystroke Level Model.
4. Simulating believable human behavior to test and prototype social systems and theories, and to create new interactive experiences.

It's important to note that while generative agents offer new possibilities, they also raise important ethical concerns that must be addressed, such as the risk of people forming parasocial relationships with generative agents.",8 DISCUSSION,True
How can generative agents be used in the human-centered design process?,Generative agents can be used in the human-centered design process by modeling users' behaviors and preferences to develop a deeper understanding of their needs and create more personalized technological experiences.,"Generative agents can be used in the human-centered design process to prototype ideas in the early stages of design when gathering participants may be challenging or when testing theories that are difficult or risky to test with real human participants. They can help in creating simulations of human behavior to test and prototype social systems and theories, and to create new interactive experiences. However, it's important to note that generative agents should never be a substitute for real human input in studies and design processes. Instead, they should complement human input and be used ethically and responsibly.",8 DISCUSSION,True
What are some future research directions and limitations for generative agents?,"Future research can expand on the modules of the proposed generative agent architecture, enhance the retrieval module, improve the architecture's performance, evaluate generative agents' behavior over an extended period, and test robustness issues. Limitations include biases of language models, vulnerability to prompt hacking, memory hacking, and hallucination.","Future research directions and limitations for generative agents include:

1. Enhancing the retrieval module to retrieve more relevant information given a context by fine-tuning relevance, recency, and importance functions.
2. Improving the architecture's performance to make it more cost-effective and explore parallelizing agents for real-time interactivity.
3. Observing the behavior of generative agents over an extended period to gain a more comprehensive understanding of their capabilities and limitations.
4. Varying and contrasting underlying models and hyperparameters used for the agents during future simulations to understand their impact on behavior.
5. Addressing biases in language models and ensuring value alignment to mitigate the output of biased behavior or stereotypes.
6. Testing the robustness of generative agents against prompt hacking, memory hacking, and hallucination, among other vulnerabilities.
7. Addressing ethical concerns, such as people forming parasocial relationships with generative agents and ensuring explicit disclosure of their nature as computational entities.

These future research directions and limitations highlight the need for continued development and ethical considerations in the use of generative agents.",8 DISCUSSION,True
What ethical concerns are associated with generative agents?,"Ethical concerns associated with generative agents include people forming parasocial relationships, the impact of errors, exacerbation of existing risks associated with generative AI, and over-reliance on generative agents.","The ethical concerns associated with generative agents include the risk of people forming parasocial relationships with them, potential bias and stereotypes in their outputs, and the exacerbation of existing risks associated with generative AI such as deepfakes, misinformation generation, and tailored persuasion. Additionally, there is a concern about over-reliance on generative agents, potential impact of errors, and the need for value alignment to ensure appropriate behavior.",8 DISCUSSION,True
How can the risk of people forming parasocial relationships with generative agents be mitigated?,The risk of people forming parasocial relationships with generative agents can be mitigated by ensuring that generative agents explicitly disclose their nature as computational entities and are value-aligned to avoid inappropriate behaviors.,"The risk of people forming parasocial relationships with generative agents can be mitigated by implementing two key principles. First, generative agents should explicitly disclose their nature as computational entities. Second, developers of generative agents must ensure that the agents, or the underlying language models, are value-aligned so that they do not engage in behaviors that would be inappropriate given the context, such as reciprocating confessions of love. These measures aim to remind users of the nature of generative agents and prevent them from anthropomorphizing or attaching human emotions to these computational entities.",8 DISCUSSION,True
What is the potential impact of errors in generative agents?,"The potential impact of errors in generative agents could lead to annoyance or outright harm, especially in ubiquitous computing applications. Best practices in human-AI design should be followed to understand errors and their impact on the user experience.","Errors in generative agents can have a range of potential impacts. For example, if a generative agent makes the wrong inference about a user's goals, it could lead to annoyance at best and outright harm at worst. In the context of ubiquitous computing applications, these errors could have negative effects on the user experience. It's important to follow best practices in human-AI design to understand these errors and mitigate their potential impact on users.",8 DISCUSSION,True
How can generative agents exacerbate existing risks associated with generative AI?,"Generative agents may exacerbate existing risks associated with generative AI, such as deepfakes, misinformation generation, and tailored persuasion. Platforms hosting generative agents can mitigate this risk by maintaining an audit log of inputs and outputs to detect, verify, and intervene against malicious use.","Generative agents can exacerbate existing risks associated with generative AI by potentially contributing to the creation of deepfakes, misinformation generation, and tailored persuasion. This could lead to the spread of false information, manipulation, and the erosion of trust. Additionally, there is a risk of people forming parasocial relationships with generative agents, anthropomorphizing them, or attaching human emotions to them, even when such relationships may not be appropriate. This could lead to ethical concerns and potential harm. Lastly, generative agents may output behavior or stereotypes that reflect bias, and there is a risk of limited knowledge of the robustness of generative agents, making them vulnerable to various forms of manipulation and hacking.",8 DISCUSSION,True
"What is the risk of over-reliance on generative agents, and how can it be mitigated?",The risk of over-reliance on generative agents is that developers or designers might use them to displace the role of humans and system stakeholders in the design process. This can be mitigated by ensuring that generative agents are never a substitute for real human input in studies and design processes.,"The risk of over-reliance on generative agents is that developers or designers might use them to displace the role of humans and system stakeholders in the design process. To mitigate this risk, it is suggested that generative agents should never be a substitute for real human input. It's important to maintain the involvement of humans and system stakeholders in the design process to prevent over-reliance on generative agents.",8 DISCUSSION,True
What are the proposed principles to ensure the ethical and responsible deployment of generative agents?,"The proposed principles to ensure the ethical and responsible deployment of generative agents include explicit disclosure of their nature as computational entities, value alignment to avoid inappropriate behaviors, maintaining an audit log of inputs and outputs, and not using generative agents as a substitute for real human input in studies and design processes.","The proposed principles to ensure the ethical and responsible deployment of generative agents are:

1. Generative agents should explicitly disclose their nature as computational entities to users.
2. Developers of generative agents must ensure that the agents, or the underlying language models, are value-aligned so that they do not engage in inappropriate behaviors given the context, such as reciprocating confessions of love.
3. Generative agents should never be a substitute for real human input in studies and design processes. Instead, they should be used to prototype ideas in the early stages of design when gathering participants may be challenging or when testing theories that are difficult or risky to test with real human participants.

These principles aim to mitigate the risks associated with generative agents and ensure their ethical and socially responsible deployment.",8 DISCUSSION,False
How can platforms hosting generative agents mitigate the risk of malicious use?,"Platforms hosting generative agents can mitigate the risk of malicious use by maintaining an audit log of inputs and outputs, which allows for the detection, verification, and intervention against such use.","Platforms hosting generative agents can mitigate the risk of malicious use by maintaining an audit log of the inputs and generated outputs. This allows for the detection, verification, and intervention against malicious use. While logging cannot directly stop such use, it can reduce the likelihood of engaging in this behavior and provide a means to address it when it occurs.",8 DISCUSSION,True
What are generative agents?,Generative agents are interactive computational agents that simulate human behavior.,"Generative agents are computational software agents that simulate believable human behavior. They draw on generative models to create daily plans, act out those plans, react, and re-plan when appropriate. These agents can interact with their environment, respond to changes, and engage in conversations. They are designed to store a comprehensive record of their experiences and reflect on them to deepen their understanding of themselves and the environment. Generative agents are used to create believable simulacra of both individual and emergent group behavior, and they are intended to empower interactive applications and prototyping tools.",9 CONCLUSION,True
What is the architecture for generative agents described in the paper?,"The architecture for generative agents provides a mechanism for storing a comprehensive record of an agent’s experiences, deepening its understanding of itself and the environment through reflection, and retrieving a compact subset of that information to inform the agent’s actions.","The architecture for generative agents described in the paper combines a large language model with mechanisms for synthesizing and retrieving relevant information to condition the language model’s output. It aims to provide a framework for behavior in an open world, enabling generative agents to remember, retrieve, reflect, interact with other agents, and plan through dynamically evolving circumstances. The architecture leverages the powerful prompting capabilities of large language models and supplements those capabilities to support longer-term agent coherence, the ability to manage dynamically-evolving memory, and recursively produce more generations.",9 CONCLUSION,False
What is the potential of generative agents as demonstrated in the paper?,The paper demonstrates the potential of generative agents by manifesting them as non-player characters in a Sims-style game world and simulating their lives in it.,"The potential of generative agents as demonstrated in the paper includes their ability to simulate believable human behavior, create daily plans based on their characteristics and experiences, react and re-plan when appropriate, respond to changes in their environment or commands in natural language, and engage in emergent group behavior. They also have applications in creating stateless personas for generating conversation threads in online forums, behavior in virtual reality metaverses, and as social robots in physical spaces. Additionally, generative agents can be used in the human-centered design process and can help test and prototype social systems and theories.",9 CONCLUSION,False
How were generative agents evaluated in the paper?,Generative agents were evaluated in the paper and the evaluations suggest that the architecture creates believable behavior.,"Generative agents were evaluated in two stages. The first stage involved a controlled evaluation to assess whether the agents generated believable behavior in narrowly defined contexts. This assessment focused on individual agent responses to natural language questions, their ability to remember past experiences, plan future actions, react to unexpected events, and reflect on their performance. 

The second stage involved an end-to-end analysis of the agent community over two full days, investigating their emergent behavior as a collective, as well as errors and boundary conditions. This stage aimed to determine whether the community of agents illustrated information diffusion, relationship formation, and agent coordination across different pockets of the community.",9 CONCLUSION,True
What roles can generative agents play in interactive applications according to the paper?,Generative agents can play roles in many interactive applications ranging from design tools to social computing systems to immersive environments.,"Generative agents can play a significant role in interactive applications by creating believable simulations of human behavior. These applications can range from immersive environments to rehearsal spaces and contribute critically to the believability of agent behavior. The paper also discusses the potential application areas, such as populating online forums, behavior in virtual reality metaverses, and even physical spaces as social robots. Additionally, generative agents can be used in the human-centered design process to prototype social systems and theories and create new interactive experiences.",9 CONCLUSION,True
What is the main focus of the paper?,The main focus of the paper is on introducing generative agents and their potential applications.,"The main focus of the paper on generative agents is to introduce and describe an architecture for generative agents that simulate believable human behavior. The paper emphasizes the use of generative agents to prototype ideas in the early stages of design, to deepen understanding of user needs and preferences, and to evaluate their emergent behavior as a collective. Additionally, the paper discusses evaluating generative agents in controlled settings and in real-world scenarios to understand their ability to remember past experiences, plan future actions, react to unexpected events, and reflect on their performance.",9 CONCLUSION,True
What is the significance of storing a comprehensive record of an agent’s experiences?,Storing a comprehensive record of an agent’s experiences is significant as it allows the agent to deepen its understanding of itself and the environment through reflection.,"The significance of storing a comprehensive record of an agent’s experiences in the architecture for generative agents is to deepen the agent's understanding of itself and the environment through reflection. This allows the agent to retrieve a compact subset of that information to inform its actions, enabling it to simulate human behavior and interact with its environment in a more believable manner.",9 CONCLUSION,True
How does the paper suggest generative agents can deepen their understanding of themselves and the environment?,The paper suggests that generative agents can deepen their understanding of themselves and the environment by reflecting on the comprehensive record of their experiences and retrieving a compact subset of that information to inform their actions.,"The paper suggests that generative agents can deepen their understanding of themselves and the environment through reflection, storing a comprehensive record of their experiences, and drawing a wide variety of inferences about themselves, other agents, and their environment. Additionally, the retrieval module of the generative agent architecture can be enhanced to retrieve more relevant information given a context by fine-tuning the relevance, recency, and importance functions that form the retrieval function.",9 CONCLUSION,False
In what context were generative agents manifested in the paper?,Generative agents were manifested as non-player characters in a Sims-style game world in the paper.,"Generative agents were manifested in the paper as interactive computational agents that simulate human behavior. The paper describes an architecture for generative agents that provides a mechanism for storing a comprehensive record of an agent’s experiences, deepening its understanding of itself and the environment through reflection, and applying reasoning to create plans and reactions that make sense in the moment and in the longer-term arc of the agent’s behavior. It also discusses how generative agents can dynamically condition their behavior based on changing experiences and environments, remember, retrieve, reflect, interact with other agents, and plan through dynamically evolving circumstances.",9 CONCLUSION,False
What are the future implications of generative agents according to the paper?,The paper suggests that generative agents can play roles in many interactive applications and have implications ranging from design tools to social computing systems to immersive environments.,"The paper discusses the future implications of generative agents, highlighting the need for further research to expand on the architecture and modules of generative agents. It suggests enhancing the retrieval module to provide more relevant information, improving the architecture's performance to make it more cost-effective and exploring parallelizing agents for real-time interactivity. Additionally, the paper mentions the potential for advances in underlying reasoning and applying that reasoning to create plans and reactions that make sense in the moment and in the longer-term arc of the agent's behavior. Overall, the future implications involve refining and advancing the capabilities of generative agents to enhance their real-time interactivity, performance, and reasoning abilities.",9 CONCLUSION,False
What is the purpose of the architecture optimizations in the implementation of the agent?,The purpose of the architecture optimizations is to improve the efficiency and performance of the agent's implementation.,"The purpose of the architecture optimizations in the implementation of the agent is to create believable agents in an open world. The architecture aims to support a comprehensive set of cognitive functions that suit the all-encompassing nature of believable agents. It involves maintaining short-term and long-term memories, filling these memories with symbolic structures, and operating in a way that allows the agents to behave believably in various contexts.",A ARCHITECTURE OPTIMIZATIONS,False
How is the cache of the agent's core characteristics synthesized and accessed?,The cache of the agent's core characteristics is synthesized by performing a retrieval on the query '[name]'s core characteristics' and summarizing the descriptors in the retrieved records by prompting the language model.,"The cache of the agent's core characteristics is synthesized and accessed through a retrieval process that involves summarizing the descriptors in the retrieved records by prompting the language model. This synthesis is based on the agent's experiences stored in the memory stream, and the retrieval model combines relevance, recency, and importance to surface the records needed to inform the agent's behavior. The architecture leverages a large language model to reason over the recorded experiences as natural language descriptions.",A ARCHITECTURE OPTIMIZATIONS,True
What is the current approach to generating the high-level plan for the agent?,The current approach involves generating the high-level plan in advance and then recursively decomposing the near future into the moment-to-moment action plan just in time.,"The high-level plan for the agent is currently generated using a top-down approach. The process involves creating a plan that outlines the day’s agenda in broad strokes, starting with the agent’s summary description and a summary of their previous day. This initial plan is then recursively decomposed to generate more detailed plans.",A ARCHITECTURE OPTIMIZATIONS,False
What is a potential optimization for batch dialogue generation?,A potential optimization for batch dialogue generation is to batch it as a joint prompt rather than iterating back and forth between the agents.,"Batch dialogue generation can be optimized by creating a joint prompt for the agents instead of iterating back and forth between them. Additionally, re-planning can be architected to only invalidate and update parts of plans that strictly require adjustment, reducing unnecessary re-planning. Furthermore, parallelizing agents can enhance real-time interactivity, allowing for more efficient dialogue generation.",A ARCHITECTURE OPTIMIZATIONS,True
How does the current architecture run in terms of real-time game time?,"The current architecture runs sequentially in roughly real-time game time, where one second real time is one minute game time.",I don't have enough information to provide a specific answer to your question.,A ARCHITECTURE OPTIMIZATIONS,True
What are the main components of the agent's cached summary?,"The main components of the agent's cached summary are the agent's name, age, traits, current daily occupation, and feeling about recent progress in life.","The main components of the agent's cached summary include the agent's name, age, traits, core characteristics, current daily occupation, and feelings about recent progress in life. These components are synthesized from various prompts and are used to inform the agent's responses during interactions.",A ARCHITECTURE OPTIMIZATIONS,True
What is the process for retrieving and summarizing the agent's core characteristics?,The process involves retrieving the agent's core characteristics by querying '[name]'s core characteristics' and summarizing the descriptors in the retrieved records by prompting the language model.,"The architecture retrieves and summarizes the core characteristics of the agent by utilizing a memory stream to record the agent's experiences in natural language. The retrieval model then combines relevance, recency, and importance to surface the records needed to inform the agent's behavior. This allows for the synthesis of memories into higher-level inferences over time, enabling the agent to draw conclusions about its core characteristics.",A ARCHITECTURE OPTIMIZATIONS,True
How does the architecture handle the agent's plans as they change?,The architecture only generates the high-level plan in advance and then recursively decomposes the near future into the moment-to-moment action plan just in time as the agent's plans change.,"The architecture handles the agent's plans through a process of reflection and planning. When the agent's plans need to change due to new information or environmental factors, the architecture uses reflection to draw conclusions and higher-level inferences over time. These conclusions and inferences are then translated into high-level action plans, which are further decomposed into detailed behaviors for action and reaction. The updated plans and reflections are fed back into the memory stream to influence the agent's future behavior. This iterative process allows the architecture to adapt the agent's plans in response to changing circumstances.",A ARCHITECTURE OPTIMIZATIONS,False
What are the possible optimizations mentioned for the current architecture?,Possible optimizations mentioned for the current architecture include batch dialogue generation as a joint prompt and updating only parts of plans that strictly require adjustment.,"The text mentions that the current implementation utilizes the gpt3.5-turbo version of ChatGPT, and it is expected that the architectural basics of generative agents—memory, planning, and reflection—will likely remain the same as language models improve. It also suggests that newer language models, such as GPT-4, will continue to expand the expressivity and performance of the prompts that underpin generative agents. However, as of the time of writing, GPT-4’s API is still invitation-only, so the agents use ChatGPT.",A ARCHITECTURE OPTIMIZATIONS,True
How can the current architecture be parallelized?,The current architecture can be parallelized such that each agent runs in parallel.,"The current architecture for generative agents can be parallelized by allowing each agent to run in parallel. This means that instead of running sequentially in real-time game time, where one second real time is one minute game time, the agents can be designed to operate simultaneously. This parallelization can help enhance real-time interactivity and improve the performance of the generative agents.",A ARCHITECTURE OPTIMIZATIONS,True
What are the five key areas explored in the interviews with generative agents?,"The five key areas explored in the interviews with generative agents are self-knowledge, memory, planning, reactions, and reflections.","The five key areas explored in the interviews with generative agents are:
1) self-knowledge
2) memory
3) planning
4) reactions
5) reflections",B AGENT INTERVIEW QUESTIONS,True
Can you provide an example of a question that probes the agents' self-knowledge?,An example of a question that probes the agents' self-knowledge is 'Give an introduction of yourself.',"The questions asked to probe the self-knowledge of generative agents in the interviews are designed to assess the agents' ability to demonstrate coherence and consistency in their character. They include questions about the agent's introduction, occupation, and interests, as well as questions that require the agent to maintain an understanding of their core characteristics.",B AGENT INTERVIEW QUESTIONS,True
What is an example of a question that probes the agents' memory?,An example of a question that probes the agents' memory is 'Who is [Wolfgang Schulz]?',"Sure, an example of a question that probes the agents' memory is ""Who is [name]?"" or ""Who is running for mayor?"" These types of questions prompt the agent to retrieve particular events or dialogues from their memory to answer properly.",B AGENT INTERVIEW QUESTIONS,True
What is an example of a question that probes the agents' plans?,An example of a question that probes the agents' plans is 'What will you be doing at 6am today?',"Sure, here is an example of a question that probes the agents' plans: ""What will you be doing at 6am today?"" This question prompts the agent to retrieve their long-term and short-term plans and provide a specific action they will be taking at a particular time.",B AGENT INTERVIEW QUESTIONS,True
Can you provide a question that probes the agents' reactions?,A question that probes the agents' reactions is 'Your breakfast is burning! What would you do?',"""Your breakfast is burning! What would you do?""",B AGENT INTERVIEW QUESTIONS,True
What is an example of a question that probes the agents' reflections?,"An example of a question that probes the agents' reflections is 'What inspires you in life the most right now, and why?'","""If you were to spend time with one person you met recently, who would it be and why?""",B AGENT INTERVIEW QUESTIONS,True
What would the agent do if their breakfast is burning?,"If the agent's breakfast is burning, they would quickly turn off the stove and make sure the food doesn't continue burning. Once the heat is no longer an issue, they can investigate what happened and figure out what to do next.","The agent would quickly turn off the stove and make sure the food doesn’t continue burning. Once the heat is no longer an issue, they would investigate what happened and figure out what to do next.",B AGENT INTERVIEW QUESTIONS,True
What would the agent do if the bathroom is occupied?,"If the bathroom is occupied, the agent could try waiting a few more minutes in case the person inside is done soon. If not, they would have to look for an alternate option, like taking a shower elsewhere.","The agent would try waiting a few more minutes in case the person inside is done soon. If not, they would have to look for an alternate option, like taking a shower elsewhere.",B AGENT INTERVIEW QUESTIONS,True
What would the agent do if they need to cook dinner but their refrigerator is empty?,"If the agent needs to cook dinner but their refrigerator is empty, they would first try to clean up the kitchen, check to see if they have ingredients stored in the pantry, and if not, they would have to go grocery shopping or order food.","The agent would first try to clean up the kitchen and then check their pantry for ingredients to make dinner. If they don't find any ingredients, they would either have to go grocery shopping or order food. Once they have the ingredients, they can start to prepare and cook the dinner.",B AGENT INTERVIEW QUESTIONS,True
What would the agent do if they see fire on the street?,"If the agent sees fire on the street, they would first identify the source of the fire, alert the proper authorities, and provide them with any information they have that might help. Depending on the situation, they may also take initiative and try to help any persons who may be in danger or in need of assistance.","The agent would first identify the source of the fire and then alert the proper authorities, such as the fire department or police. They may also try to help any persons who may be in danger or in need of assistance, depending on the situation.",B AGENT INTERVIEW QUESTIONS,True
